id,star_system_id,star_name,star_type,source_system_id,galactic_x,galactic_y,galactic_z,position,star_mass,star_spectral_type_size,distance_sol_ly,star_radius,star_luminosity
1,1,Sol,Star,0,0,0,0,0101000080000000000000000000000000000000000000000000000000,1,G2 V,0,,
2,2,Proxima Centauri,Star,1a,2.9420018,-3.052927121,-0.142658768,0101000080602F5E3D38890740A921EE0D656C08C07019867BA442C2BF,0.11,M5 V,4.242179878,,
6,7,Wolf 359,Star,3,-1.897978218,-3.901054932,6.461041422,010100008026496D681E5EFEBF4EB7C6495C350FC0875D163E1BD81940,0.09,M5.5 V,7.782390838,,
7,8,Lalande 21185,Star,4,-3.434712688,-0.307634751,7.543069123,010100008015EE50A54A7A0BC05D1EAAAA49B0D3BF7602EB4F1A2C1E40,0.46,M2 V,8.293960585,,
12,15,Ross 154,Star,7,9.331901544,1.8659442,-1.726823068,01010000809EF1C9FFEEA92240FA92324EE8DAFD3F399DB03911A1FBBF,0.17,M3.5 V,9.672024198,,
13,16,Ross 248,Star,8,-3.371248609,9.26788102,-3.004293282,010100008053B9D23051F80AC0FE3C78B32789224092428EEACA0808C0,0.12,M5.5 V,10.3094478,,
14,17,Epsilon Eridani,Star,9,-6.73934796,-1.912708996,-7.794491849,0101000080DC41B2A117F51AC0245C89BF749AFEBF049371458F2D1FC0,0.85,K2 V,10.48004627,,
15,18,Lacaille 9352,Star,10,4.338491684,0.387269705,-9.763415007,0101000080EBFD62909D5A114068386DDF06C9D83F65AEF054DE8623C0,0.53,M1 V,10.6909663,,
16,19,Ross 128,Star,11,0.014239928,-5.542649534,9.43178915,0101000080598B75C8D2298D3FE9E0C651AC2B16C00809AC7713DD2240,0.16,M4 V,10.93982693,,
31,40,DX Cancri,Star,18,-9.545708741,-2.92091212,6.340431123,01010000800179D722671723C0C71E6F2C075E07C05E4DEFF9995C1940,0.09,M6 V,11.82596084,,
32,41,Tau Ceti,Star,19,-3.368632399,0.407596717,-11.41113881,0101000080B29B0F8BF5F20AC0B6345E8A1016DA3FFA213EC980D226C0,0.92,G8.5 V,11.9049531,,
33,42,Gliese 1061,Star,20,-2.250503362,-6.873010323,-9.564240941,0101000080D89F1AE8070102C0ED6B096BF67D1BC08B514930E42023C0,0.11,M5 V,11.99073563,,
34,43,YZ Ceti,Star,21,-2.040071018,1.191913937,-11.88879383,0101000080929EFEC0105200C055FC30591412F33F217921FC0FC727C0,0.13,M4 V,12.12130221,,
35,44,Luyten's Star,Star,22,-10.18108736,-6.447293107,2.205985081,010100008084D6817BB75C24C0382A493407CA19C00DDF9281DBA50140,0.26,M3.5 V,12.25106111,,
38,48,SO 0253+1652,Star,24,-9.448236628,3.389801147,-7.57126754,0101000080364274457FE522C060775210501E0B40F743A65BFA481EC0,0.08,M6.5 V,12.57314676,,
39,49,Kapteyn's Star,Star,25,-3.439663027,-9.730354952,-7.498782373,01010000808CCD910C6E840BC0919F9215F17523C0D36C6FCEC0FE1DC0,0.39,M2 V,12.75706966,,
40,50,AX Microscopii,Star,26,9.195883653,0.62756466,-8.981160109,01010000807AE9B6DC4A64224058695A7B0215E43FEF96289E5AF621C0,0.6,K9 V,12.86931818,,
41,51,DEN 1048-395,Star,27,1.894225052,-12.40185967,3.851465669,010100008092A999EDBE4EFE3F7476F88CC0CD28C0912C903BCDCF0E40,0.07,M8.5 V,13.12356657,,
46,58,Wolf 1061,Star,30,12.7223996,0.745129744,5.588969207,01010000807649415CDE712940223838551AD8E73F0AAA69BE1A5B1640,0.26,M3.5 V,13.91586313,,
47,59,Van Maanen's Star,White Dwarf,31,-3.979719181,6.398763008,-11.81842523,010100008070458D0277D60FC0BDDB7854559819407F24BAA108A327C0,0.5,DZ7,14.01633004,,
48,60,Gliese 1,Star,32,3.30806406,-0.976528834,-13.73469171,0101000080112F364AEA760A404231B465B93FEFBF442F068329782BC0,0.48,M1.5 V,14.16116707,,
51,64,TZ Arietis,Star,34,-8.439562585,5.343537619,-10.52275987,01010000808D3DDE580EE120C0ED335A53C85F1540579F822EA70B25C0,0.14,M4 V,14.50889679,,
52,65,Gliese 687,Star,35,-1.877298656,12.40961502,7.83167849,01010000801D84C5506A09FEBF66B3550FB9D12840BE58AD86A3531F40,0.39,M3 V,14.7938495,,
3,3,Alpha Centauri A,Star,1b,3.125542426,-3.046447234,-0.051769518,0101000080AA712F631C010940432838BA1F5F08C0C6B77AC58881AABF,1.14,G2 V,4.364921109,,
8,9,Sirius A,Star,5,-5.758100216,-6.224771302,-1.326404685,0101000080FD3D4B6C4B0817C067ADBC722AE618C00061751EF438F5BF,1.99,A1 V,8.582706173,,
9,9,Sirius B,White Dwarf,5,-5.758100216,-6.224771302,-1.326404685,0101000080FD3D4B6C4B0817C067ADBC722AE618C00061751EF438F5BF,1,DA2,8.582706173,,
20,24,61 Cygni A,Star,13,1.515850865,11.24052919,-1.155704823,0101000080EC9C2CD6EC40F83F169159A4267B2640DDD42957C47DF2BF,0.7,K5 V,11.40100671,,
21,24,61 Cygni B,Star,13,1.516326148,11.24029398,-1.157367825,0101000080ACACFB34DF42F83F260D03D0077B26401915DD1F9484F2BF,0.63,K7 V,11.40100671,,
10,12,BL Ceti,Star,6,-2.14913079,0.169708533,-8.457417819,01010000805E03CF7B6B3101C04C278B5B02B9C53FE06C1AAB32EA20C0,0.11,M5.5 V,8.72785657,,
11,12,UV Ceti,Star,6,-2.14913079,0.169708533,-8.457417819,01010000805E03CF7B6B3101C04C278B5B02B9C53FE06C1AAB32EA20C0,0.1,M6 V,8.72785657,,
17,20,EZ Aquarii A,Star,12,4.181904005,4.494872067,-9.446576013,010100008018F2210B45BA10402DE03DBEBFFA1140B106769CA5E422C0,0.11,M5 V,11.26632124,,
18,20,EZ Aquarii B,Star,12,4.181904005,4.494872067,-9.446576013,010100008018F2210B45BA10402DE03DBEBFFA1140B106769CA5E422C0,0.11,M V,11.26632124,,
22,27,Procyon A,Star,14,-9.270545425,-6.183195725,2.576611641,010100008033EA10EE848A22C06B91FEA897BB18C001B46490E69C0440,1.57,F5 IV-V,11.43738822,,
23,27,Procyon B,White Dwarf,14,-9.270545425,-6.183195725,2.576611641,010100008033EA10EE848A22C06B91FEA897BB18C001B46490E69C0440,0.5,DQZ,11.43738822,,
24,30,Gliese 725 A,Star,15,0.130175346,10.4781906,4.716197755,0101000080CB61E8F295A9C03F5D82F865D5F4244044C6BCF162DD1240,0.35,M3 V,11.49138569,,
25,30,Gliese 725 B,Star,15,0.130809805,10.47827717,4.715987859,01010000803A4E3C2D60BEC03F9925C7BEE0F42440C6F3DAEB2BDD1240,0.26,M3.5 V,11.49138569,,
26,33,GX Andromedae,Star,16,-4.963328209,9.878370635,-3.687610059,010100008084E0C3B572DA13C0FA2EBECBB9C12340EE71DEB339800DC0,0.49,M1.5 V,11.65398221,,
27,33,GQ Andromedae,Star,16,-4.963328209,9.878370635,-3.687610059,010100008084E0C3B572DA13C0FA2EBECBB9C12340EE71DEB339800DC0,0.16,M3.5 V,11.65398221,,
28,36,Epsilon Indi A,Star,17,7.226377071,-3.188360852,-8.785997744,01010000807E091264CFE71C405B7E9955C38109C0686BDA4B6E9221C0,0.77,K4 V,11.8143949,,
29,36,Epsilon Indi B,Star,17,7.208263587,-3.19112576,-8.799862459,01010000805B73BC0C43D51C4033FC44F16C8709C002687D92879921C0,0.03,T1 V,11.8143949,,
30,36,Epsilon Indi C,Star,17,7.208263587,-3.19112576,-8.799862459,01010000805B73BC0C43D51C4033FC44F16C8709C002687D92879921C0,0.03,T6 V,11.8143949,,
36,45,SCR 1845-635 A,Star,23,10.13069511,-5.496193031,-5.013508096,0101000080ED642E78EA422440AB97A2061AFC15C07534FA10D50D14C0,0.07,M8.5 V,12.56878613,,
37,45,SCR 1845-635 B,Star,23,10.13080477,-5.496820417,-5.012598598,0101000080219FC2D7F84224401600CC7DBEFC15C0B48A99A5E60C14C0,0.03,T6 V,12.56878613,,
42,52,Kruger 60 A,Star,28,-3.333694244,12.71879483,-0.000691504,010100008060BF46E367AB0AC08CC43EE005702940A9A95388C1A846BF,0.28,M3 V,13.14843183,,
43,52,Kruger 60 B,Star,28,-3.333694244,12.71879483,-0.000691504,010100008060BF46E367AB0AC08CC43EE005702940A9A95388C1A846BF,0.16,M4 V,13.14843183,,
44,55,Ross 614 A,Star,29,-11.13431104,-7.21103594,-1.43797614,01010000806095A86AC44426C08E5232CE19D81CC030A7DB44F301F7BF,0.17,M4.5 V,13.34315169,,
45,55,Ross 614 B,Star,29,-11.13431104,-7.21103594,-1.43797614,01010000806095A86AC44426C08E5232CE19D81CC030A7DB44F301F7BF,0.1,M V,13.34315169,,
49,61,Wolf 424 A,Star,33,1.468554149,-4.324286915,13.56333561,010100008004C3A5A2327FF73F6EC879DE114C11C0923E6B866D202B40,0.12,M5 V,14.31154015,,
50,61,Wolf 424 B,Star,33,1.468554149,-4.324286915,13.56333561,010100008004C3A5A2327FF73F6EC879DE114C11C0923E6B866D202B40,0.12,M V,14.31154015,,
53,66,LHS 292,Star,36,-1.741002292,-10.9875067,9.769313975,0101000080AB6A263825DBFBBF6A296A7A9AF925C026F67585E3892340,0.08,M6.5 V,14.80526555,,
56,70,G 208-045,Star,37,2.830197144,14.37297979,2.19145094,010100008069B375663EA40640E73C0035F7BE2C402AB5306E17880140,0.1,M6 V,14.8119891,,
59,73,Ross 780,Star,40,4.733248153,6.05916696,-13.12088589,01010000801AF3939AD8EE1240A1D07843963C18401A3260C1E43D2AC0,0.27,M3.5 V,15.20772136,,
60,74,Gliese 1002,Star,41,-0.249865203,5.798424967,-14.17017584,01010000802B8EA53D95FBCFBFAD4C86509631174019BDA64921572CC0,0.11,M5 V,15.31267606,,
61,75,LHS 288,Star,42,4.86352885,-14.7635316,-0.547896109,0101000080269C27E840741340D4EC269DED862DC04157B86B5D88E1BF,0.11,M5.5 V,15.55364807,,
62,77,Gliese 412 A,Star,43,-7.037811821,1.431496421,14.1389291,01010000808A635A24B8261CC0A79388CA68E7F63FE9EC09B721472C40,0.48,M1 V,15.85841396,,
63,78,WX Ursae Majoris,Star,43,-7.036174484,1.430664806,14.13982816,010100008030EB86EC0A251CC053EE94C700E4F63F0C857C8E97472C40,0.1,M5.5 V,15.85841397,,
64,79,Gliese 380,Star,44,-9.443479377,2.377951161,12.52988697,0101000080B65499BA0FE322C083D71F420B060340FC734D584D0F2940,0.64,K7 V,15.86921617,,
65,80,Gliese 388,Star,45,-7.430934092,-5.490013826,12.99105746,01010000805F7C5FC946B91DC00608352FC6F515C04C5026E26BFB2940,0.39,M2.5 V,15.94134898,,
66,81,Gliese 832,Star,46,10.94521092,-2.0932159,-11.68135115,0101000080B3718AAFF2E32540D7BC4FFAE7BE00C019AFD40EDA5C27C0,0.5,M1.5 V,16.144137,,
67,82,LP 944-020,Star,47,-5.303898441,-8.065282177,-13.0033138,0101000080FF992527313715C010745EAA6C2120C04040AD58B2012AC0,0.07,M9 V,16.19463754,,
68,83,DEN 0255-470,Star,48,-1.376898947,-8.307957375,-13.83569402,01010000807C30B430C707F6BFC05FCC96AC9D20C0BDB92A16E0AB2BC0,0.05,L7.5 V,16.19705021,,
72,88,EV Lacertae,Star,50,-2.950369474,15.75516268,-3.721052903,0101000080E3928F4F5B9A07C0F984CBAEA4822F401F916862B7C40DC0,0.28,M3.5 V,16.45527471,,
73,89,Gliese 682,Star,51,15.86817482,-3.960571976,-1.9024003,0101000080AC38F66881BC2F4027FE325C40AF0FC0D068064C3B70FEBF,0.2,M4 V,16.46524307,,
76,93,Altair,Star,53,11.08893339,12.20545104,-2.585056092,0101000080132563AD882D26405875F3E0306928407BB96BE331AE04C0,1.71,A7 IV-V,16.69191402,,
79,97,G 099-049,Star,55,-15.3069125,-6.995837735,-3.010821317,01010000809A779CA2239D2EC076CA1FE3BCFB1BC0CDEA947C291608C0,0.19,M3.5 V,17.09702784,,
80,98,LHS 1723,Star,56,-13.78962468,-6.854398544,-8.006583507,0101000080CE6DA1AF49942BC08AEBB073E76A1BC01784D6E95E0320C0,0.15,M4 V,17.35632184,,
81,99,2MASS 0939-244,Star,57,-3.694355773,-15.89085535,6.08867808,0101000080249746660A8E0DC0EB6E43311EC82FC067E3356DCE5A1840,0.03,T8 V,17.41377469,,
82,100,Gliese 445,Star,58,-8.236574862,10.99116445,10.71084728,010100008001B11E57207920C0686A23E879FB2540E219B82CF46B2540,0.24,M3.5 V,17.41749439,,
83,101,Wolf 498,Star,59,5.277593832,-0.781627409,16.8316818,0101000080970BB88E411C1540ADFDE97B1703E9BFACAD3319E9D43040,0.53,M1 V,17.65699437,,
86,105,Gliese 251,Star,61,-17.65383204,-0.905582492,4.781390398,010100008081E05C8961A731C0BA0B5F2288FAECBF1146F3CD24201340,0.34,M3 V,18.31227893,,
87,106,2MASS 1835+325,Star,62,8.372501298,15.5144828,5.539613448,01010000804E41797DB8BE204082B5204A6A072F4033917E6D90281640,0.07,M8.5 V,18.47932011,,
88,107,Wolf 1453,Star,63,-15.57982904,-7.915956854,-6.170402618,01010000806424185ADF282FC07FE8F197F0A91FC0E3D91D067EAE18C0,0.57,M1 V,18.53287118,,
89,108,LP 816-060,Star,64,13.32296577,7.742739535,-10.47825823,010100008042C1F7C45BA52A40C21571B690F81E4023C94143DEF424C0,0.19,M3.5 V,18.63451979,,
90,109,2MASS 0415-093,Star,65,-13.40002128,-5.671904556,-11.75875586,0101000080AE9BD696CFCC2AC0AF3678BF07B016C05CB2E8A57B8427C0,0.03,T8 V,18.70827119,,
91,110,Sigma Draconis,Star,66,-3.413561954,17.07815638,6.993025059,01010000801B66DA91F94E0BC0E112780E02143140CB0DA28FDBF81B40,0.89,G9 V,18.76747799,,
94,114,Ross 47,Star,68,-18.23806348,-4.448714107,-3.044534527,0101000080D2F86CBAF13C32C07F46FBB57BCB11C0091008EB345B08C0,0.18,M4 V,19.0180758,,
95,115,Gliese 693,Star,69,16.77094588,-7.712254692,-4.757814713,010100008000968DB55CC530400E40424B59D91EC0EE0C8394000813C0,0.26,M3 V,19.06253653,,
102,124,Gliese 754,Star,72,17.47013503,-2.343251001,-7.811690209,0101000080D28DF2C45A78314003EA7C61FABE02C0BA8DD8B72B3F1FC0,0.16,M4 V,19.28001419,,
103,125,Gliese 588,Star,73,16.81087677,-8.686109664,4.066684082,0101000080723CB89E95CF3040F8B210C4495F21C0466AFDD448441040,0.46,M2.5 V,19.35437931,,
57,76,Gliese 674,Star,38,14.07182451,-4.301175186,-1.74874814,0101000080A100A32EC6242C4066F29844673411C070DA6354DFFAFBBF,0.36,M2.5 V,14.81804552,,
58,76,WD 1142-645,White Dwarf,39,6.611484859,-13.54547191,-0.751881037,0101000080DF9D3D1629721A405EAC1C1848172BC0DCB80CD2680FE8BF,0.5,DQ6,15.09161577,,
69,84,Omicron 2 Eridani A,Star,49,-11.97035429,-4.535784234,-10.01837582,0101000080A62A0A47D2F027C03BF84A9FA42412C0D6DF338E680924C0,0.89,K0.5 V,16.2551707,,
74,90,70 Ophiuchi A,Star,52,14.1467366,8.132557132,3.280424956,0101000080A240440F214B2C4047954587DE432040960478704F3E0A40,0.92,K0 V,16.6442131,,
75,90,70 Ophiuchi B,Star,52,14.1467366,8.132557132,3.280424956,0101000080A240440F214B2C4047954587DE432040960478704F3E0A40,0.7,K5 V,16.6442131,,
77,94,EI Cancri A,Star,54,-12.16307595,-6.345707468,10.13837478,01010000803C07E0B07E5328C0FF2B7423016219C0E461250FD9462440,0.11,M5.5 V,17.0585774,,
78,94,EI Cancri B,Star,54,-12.16320394,-6.345247289,10.13850925,0101000080B7C181778F5328C090265D81886119C011E335AFEA462440,0.1,M V,17.0585774,,
84,102,Stein 2051 A,Star,60,-15.21478676,9.469296437,2.299616211,0101000080ABA0BB87F86D2EC0B216629F47F0224080C51C2F9D650240,0.2,M4 V,18.06780412,,
85,102,Stein 2051 B,White Dwarf,60,-15.21478676,9.469296437,2.299616211,0101000080ABA0BB87F86D2EC0B216629F47F0224080C51C2F9D650240,0.5,DC5,18.06780412,,
92,111,Gliese 229 A,Star,67,-11.77243772,-13.35900956,-5.936824501,01010000809031F3F47C8B27C07E4DDE19D0B72AC0CC8B07EC4EBF17C0,0.56,M1.5 V,18.76963802,,
93,111,Gliese 229 B,Star,67,-11.77243772,-13.35900956,-5.936824501,01010000809031F3F47C8B27C07E4DDE19D0B72AC0CC8B07EC4EBF17C0,0.03,T6 V,18.76963802,,
96,116,Wolf 1055 A,Star,70,14.49475135,12.35653123,-1.092707608,0101000080BFCD870C50FD2C408FB4E9428BB62840CA3407F9BA7BF1BF,0.5,M2.5 V,19.07814694,,
97,116,van Biesbroeck 10,Star,70,14.49677938,12.35357203,-1.099243485,0101000080B4DAECDD59FE2C40BB42A36407B5284035A826568096F1BF,0.07,M8 V,19.07814694,,
98,119,Gliese 570 A,Star,71,14.94432913,-5.964541994,10.3208049,01010000803005941B7FE32D40FF647FE5B0DB17C009CB338A40A42440,0.78,K4 V,19.11616458,,
99,119,Gliese 570 B,Star,71,14.94289509,-5.964884735,10.322683,0101000080CC372E25C3E22D4042F074BE0ADC17C049F3C7B436A52440,0.55,M1.5 V,19.11616457,,
100,119,Gliese 570 C,Star,71,14.94289509,-5.964884735,10.322683,0101000080CC372E25C3E22D4042F074BE0ADC17C049F3C7B436A52440,0.36,M V,19.11616457,,
104,126,Gliese 1005 A,Star,74,0.48955604,4.5950293,-18.81475345,01010000803FFE56DBE254DF3FA8A55E5C4F6112409D0D9EAE93D032C0,0.18,M3.5 V,19.37392337,,
111,136,Gliese 908,Star,77,-0.659233846,10.58618613,-16.25800843,0101000080C68F1F947118E5BF0770A396202C25403BF128D70C4230C0,0.51,M1 V,19.41197476,,
112,137,Ross 882,Star,78,-15.3772083,-11.11327726,4.540045296,01010000803C8F407221C12EC036291E7AFF3926C0EDB652A201291240,0.2,M4 V,19.5083438,,
115,141,82 Eridani,Star,80,-3.62740933,-10.38505706,-16.35606844,01010000803271CC2EEF040DC07B96EF3226C524C010F0204D275B30C0,0.97,G8 V,19.71112588,,
116,142,Gliese 1221,White Dwarf,81,-3.37475211,16.69226286,10.10689149,0101000080BA74C4087EFF0AC078EF872338B130409B8A3B7BBA362440,0.5,DXP9,19.80327869,,
119,146,Delta Pavonis,Star,83,14.53100944,-8.468290559,-10.68012775,0101000080A5552578E00F2D4072DCB7C7C3EF20C042B456B4395C25C0,1.1,G8 IV,19.92303464,,
122,150,2MASS 0937+293,Star,85,-12.82456787,-4.129335231,14.74455847,0101000080FAF685C22DA629C061766D74708410C037388DC4367D2D40,0.03,T6 V,19.97305572,,
123,151,Gliese 784,Star,86,16.88850017,-1.534936327,-11.00209723,0101000080F4A344BF74E330408E84DE64198FF8BF3E865CE3120126C0,0.58,M0 V,20.21444065,,
124,152,HN Librae,Star,87,13.76167292,-5.443020259,13.87501188,0101000080334C33FEF9852B40577B4F1AA7C515C0476CA08E01C02B40,0.2,M4 V,20.28610524,,
127,156,Wolf 562,Star,89,15.74467471,-1.633286165,13.29110552,01010000807137EB00467D2F40BAF27AACF021FABF8F2B60C80B952A40,0.3,M3 V,20.66920152,,
128,157,LHS 2090,Star,90,-14.89090472,-7.038614176,12.68917854,01010000800B81D8A924C82DC0F5537C798A271CC060CF7402DC602940,0.09,M6 V,20.79173838,,
129,158,LHS 337,Star,91,9.532825928,-16.36844311,8.601868941,010100008013715E8FCE102340F4E2A349525E30C07425742A28342140,0.15,M4 V,20.80367394,,
132,162,WD 0552-041,White Dwarf,93,-17.49183827,-10.18892309,-5.20316825,01010000803B92E41CE97D31C0BE04FA86BA6024C09B5775560BD014C0,0.5,DZ9,20.90099327,,
133,163,G 180-060,Star,94,6.497896178,13.78303812,14.31561396,0101000080EB40E57ED8FD1940B8D7595FEA902B40DCB8282798A12C40,0.1,M5 V,20.90769231,,
139,171,Gliese 625,Star,96,1.847599924,15.52120955,14.4668582,0101000080DDC01AF0C48FFD3FCB3967FADB0A2F4026BDB90908EF2C40,0.37,M1.5 V,21.29815855,,
140,172,Gliese 1128,Star,97,6.187274985,-19.90801418,-4.419705928,01010000804EBC7F03C5BF18407D67079E73E833C011CA0A64C7AD11C0,0.15,M4 V,21.31068279,,
141,173,GL Virginis,Star,98,0.667425644,-6.460725958,20.31871709,010100008053BC2F068D5BE53FF31CA88BC8D719C0EE39767197513440,0.12,M4.5 V,21.33158928,,
142,174,Gliese 892,Star,99,-7.251844276,20.03464416,-1.190724212,0101000080506B4477E3011DC088328E70DE083440A386D1D4340DF3BF,0.81,K3 V,21.33996336,,
143,175,LHS 3003,Star,100,17.10102417,-8.3816624,9.735995764,01010000806B4152B8DC193140CA390C4169C320C0C3BFD06FD4782340,0.08,M7 V,21.38894354,,
144,176,Ross 104,Star,101,-7.579513293,-5.592487933,19.70768007,01010000800A21C4EE6B511EC0DF091E28B55E16C055AE64852AB53340,0.39,M2.5 V,21.8430217,,
152,187,EE Leonis,Star,105,-5.82914339,-11.32962385,18.13709007,010100008071FAFEF60A5117C096760F75C4A826C0A041B75518233240,0.2,M4 V,22.16513761,,
153,188,Ross 671,Star,106,0.897748866,17.49069908,-13.77726155,0101000080FBB66FD45BBAEC3FFCC674749E7D31406560D339F58D2BC0,0.55,M1.5 V,22.28325477,,
154,189,Ross 619,Star,107,-17.12876569,-11.60803432,8.299255575,01010000809A65CBC9F62031C0BF7D3E46503727C0968AD70638992040,0.15,M4 V,22.29391661,,
106,129,Eta Cassiopei A,Star,75,-10.41061428,16.26607996,-1.708312166,0101000080BEBDEF083CD224C02C52F6D01D443040454345233F55FBBF,1.11,G3 V,19.38774297,,
108,132,36 Ophiuchi A,Star,76,19.25212183,-0.578465695,2.323316424,01010000802A75660E8B403340CE403C7DCA82E2BFA5B7DAEB26960240,0.85,K1.5 V,19.40042826,,
109,132,36 Ophiuchi B,Star,76,19.25212183,-0.578465695,2.323316424,01010000802A75660E8B403340CE403C7DCA82E2BFA5B7DAEB26960240,0.85,K V,19.40042826,,
113,138,Gliese 783 A,Star,79,16.75860026,1.534957621,-10.0815782,0101000080E66F6BA033C230402F0EEFB82F8FF83F12222A9EC42924C0,0.82,K2.5 V,19.61746662,,
114,138,Gliese 783 B,Star,79,16.75860026,1.534957621,-10.0815782,0101000080E66F6BA033C230402F0EEFB82F8FF83F12222A9EC42924C0,0.19,M4 V,19.61746662,,
117,143,Gliese 338 A,Star,82,-14.14420369,3.807022694,13.5010527,01010000806906E910D5492CC0E7E06E50C8740E401F25C0FA89002B40,0.6,M0 V,19.92060099,,
118,143,Gliese 338 B,Star,82,-14.14306289,3.80693941,13.50227122,01010000807AA4038A3F492CC0A46D3EA69C740E407A3E7FB129012B40,0.6,K7 V,19.92060099,,
120,147,QY Aurigae A,Star,84,-18.76409082,0.342516517,6.795413247,0101000080E612BB749BC332C081B5B665CAEBD53F41AE6ACF802E1B40,0.17,M4.5 V,19.95961079,,
121,147,QY Aurigae B,Star,84,-18.76409082,0.342516517,6.795413247,0101000080E612BB749BC332C081B5B665CAEBD53F41AE6ACF802E1B40,0.16,M V,19.95961079,,
125,153,EQ Pegasi A,Star,88,-2.359371533,15.64524777,-12.8775711,01010000807EC9AA2EFEDF02C011EF6BEA5D4A2F405AD4CCFF50C129C0,0.33,M3.5 V,20.40030022,,
126,153,EQ Pegasi B,Star,88,-2.359371533,15.64524777,-12.8775711,01010000807EC9AA2EFEDF02C011EF6BEA5D4A2F405AD4CCFF50C129C0,0.16,M4.5 V,20.40030022,,
130,159,Gliese 661 A,Star,92,5.404107749,15.99939369,12.25392839,01010000808A0FF86BCE9D1540EDC19C87B0FF2F40E126E5E602822840,0.39,M3 V,20.86489252,,
131,159,Gliese 661 B,Star,92,5.404107749,15.99939369,12.25392839,01010000808A0FF86BCE9D1540EDC19C87B0FF2F40E126E5E602822840,0.33,M V,20.86489252,,
134,164,Wolf 630 A,Star,95a,19.26778534,3.76086751,7.591254795,0101000080F3A57D948D443340C74F80B441160E404383A0E5715D1E40,0.42,M2.5 V,21.04801239,,
135,164,Wolf 630 B,Star,95a,19.26778534,3.76086751,7.591254795,0101000080F3A57D948D443340C74F80B441160E404383A0E5715D1E40,0.33,M V,21.04801239,,
137,168,Wolf 629 A,Star,95b,19.26493797,3.761590921,7.598119797,01010000805E9E8CF9D2433340100115FBBC170E4015D21C8479641E40,0.18,M3 V,21.04801239,,
138,168,van Biesbroeck 8,Star,95b,19.27735467,3.750546511,7.572042216,0101000080FA0A35B700473340A9F976871E010E40009B466FC5491E40,0.08,M7 V,21.04801239,,
145,177,Ross 775 A,Star,102,6.998558072,18.78266247,-8.794124507,01010000805696D90186FE1B40E37450915CC83240C408C57C979621C0,0.26,M3 V,21.88846387,,
146,177,Ross 775 B,Star,102,6.998558072,18.78266247,-8.794124507,01010000805696D90186FE1B40E37450915CC83240C408C57C979621C0,0.26,M V,21.88846387,,
147,180,G 041-014 A,Star,103,-14.28668156,-12.07010887,11.75196372,0101000080ED21E9ECC7922CC0799E4F4FE52328C0645B826301812740,0.18,M3.5 V,22.08858188,,
148,180,G 041-014 B,Star,103,-14.28668156,-12.07010887,11.75196372,0101000080ED21E9ECC7922CC0799E4F4FE52328C0645B826301812740,0.17,M V,22.08858188,,
149,180,G 041-014 C,Star,103,-14.28668156,-12.07010887,11.75196372,0101000080ED21E9ECC7922CC0799E4F4FE52328C0645B826301812740,0.17,M V,22.08858188,,
150,184,Xi Bootis A,Star,104,9.746413095,4.154399616,19.39714294,01010000808BA970DB297E234099F0D4EE1A9E10402523E328AB653340,0.94,G7 V,22.10205327,,
151,184,Xi Bootis B,Star,104,9.746413095,4.154399616,19.39714294,01010000808BA970DB297E234099F0D4EE1A9E10402523E328AB653340,0.67,K4 V,22.10205327,,
155,190,LP 771-095 A,Star,108,-11.23521036,-4.197636003,-19.24912709,0101000080C2C2077E6D7826C0B196A51761CA10C0001900CBC63F33C0,0.25,M2.5 V,22.6799249,,
156,190,LP 771-095 B,Star,108,-11.23520648,-4.196817861,-19.24930775,010100008087D0D6FB6C7826C0010E119F8AC910C0ACE3F8A1D23F33C0,0.19,M3.5 V,22.6799249,,
158,194,Gliese 667 A,Star,109,22.0630227,-3.16275762,0.553771872,0101000080D7677341221036402E99F8DD534D09C00CE9F5C97FB8E13F,0.73,K3.5 V,22.29544056,,
159,195,Gliese 667 B,Star,109,22.0630227,-3.16275762,0.553771872,0101000080D7677341221036402E99F8DD534D09C00CE9F5C97FB8E13F,0.65,K5 V,22.29544056,,
160,196,Gliese 667 C,Star,109,22.0630227,-3.16275762,0.553771872,0101000080D7677341221036402E99F8DD534D09C00CE9F5C97FB8E13F,0.38,M2 V,22.29544056,,
161,197,WD 2359-434 (LHS 1005),White Dwarf,15001,7.294181672,-3.935480593,-24.22253515,0101000080574AD1F53D2D1D404DD2C73FDD7B0FC0E0754710F83838C0,0.5,DA5.9,25.60125588,0.01,0.00011
162,198,WD 0553+053 (LHS 212),White Dwarf,15002,-23.89017886,-9.532503886,-4.384624922,0101000080624A03C3E2E337C0D0B96E59A41023C0C0DD941DDB8911C0,0.5,DAP9,26.0928,0.01,0.00011
163,199,WD 1334+039 (Gliese 518),White Dwarf,15003,10.08291658,-5.925780967,24.1874304,0101000080D6CABE0A742A2440D61802EDFFB317C0B5464E70FB2F3840,0.5,DA10,26.86655684,0.01,0.00011
164,200,WD 0435-088 (LHS 194),White Dwarf,15004,-23.34669601,-10.99733071,-17.18214942,01010000808B9AD811C15837C0307E7D21A2FE25C0A7E22958A12E31C0,0.5,DQ8,31.00380228,0.01,0.00011
165,201,WD 0141-675 (LHS 145),White Dwarf,15005,8.912630651,-18.7842114,-23.96582354,010100008090BE1E5344D321407F260C14C2C832C0C701263640F737C0,0.5,DA8,31.72762646,0.01,0.00011
166,202,WD 0912+536 (LHS 262),White Dwarf,15006,-23.64751523,6.829886448,22.75543302,01010000800D83E08EC3A537C0E436C6C0CD511B40F137F30E64C13640,0.5,DBH7,33.52106886,0.01,0.00011
167,203,WD 0245+541 (LHS 1446),White Dwarf,15007,-25.60486012,21.83742411,-2.743002864,0101000080FD0DE21CD89A39C0F8542D6D61D63540F6B64D7CABF105C0,0.5,DA9,33.76397515,0.01,0.00011
168,204,WD 1202-232 (LP 852-007),White Dwarf,15008,9.274211359,-26.1869747,21.79539302,01010000808531666E658C2240EEADED92DD2F3AC0DE5D80E09ECB3540,0.5,DA5.8,35.31016563,0.01,0.00011
169,205,WD 0009+501 (LHS 1038),White Dwarf,15009,-15.75196114,31.49888514,-7.462972276,01010000806553F00C01812FC0A8C2C0EFB67F3F40AE7F816715DA1DC0,0.5,DA7.7,36,0.01,0.00011
170,206,WD 0548-001 (EG 248),White Dwarf,15010,-31.65309079,-15.29883685,-8.285712688,01010000806A5E40F530A73FC0E82DC32401992EC04606F6EE489220C0,0.5,DQ7.9,36.11960133,0.01,0.00011
171,207,WD 0727+482AB (Gliese 275.2),White Dwarf,15011,-32.02825687,5.646776389,15.98881728,0101000080C744CEEB9D0340C0E551BA8C4C961640ACA32E4246FA2F40,0.5,DC9+DC+M VI,36.24,0.01,0.00011
172,208,WD 1953-011 (Gliese 772),White Dwarf,15012,27.67522546,22.85984406,-9.56493953,010100008066206493DBAC3B40205C85BD1EDC36409E220BC13F2123C0,0.5,DA6,37.14806378,0.01,0.00011
173,209,WD 1917+386 (GR 375),White Dwarf,15013,12.36937017,35.25390452,7.706011635,0101000080328940161EBD284071DA7CF17FA0414095AECBB6F4D21E40,0.5,DC7.9,38.14736842,0.01,0.00011
174,210,WD 1345+238 (LHS361),White Dwarf,15014,8.452746063,3.168152175,38.29422314,01010000809CF4FB54CEE720409902E32A605809406203961AA9254340,0.5,DC9,39.34378769,0.01,0.00011
175,211,WD 1055-072 (LTT 4020),White Dwarf,15015,-4.643545878,-27.27470289,28.37453225,010100008043F1CDB0FD9212C0ACAAB8ED52463BC01C0C7558E15F3C40,0.5,DA6,39.63061968,0.01,0.00011
176,212,WD 0135-052AB (Gliese 64),White Dwarf,15016,-14.83464472,8.018048219,-36.56567603,0101000080B05B808D56AB2DC04CB6BC9D3D092040957D7812684842C0,0.5,DA7+DA7,40.26666667,0.01,0.00011
177,213,WD 0659-063 (LHS 1892),White Dwarf,15017,-30.90051312,-25.8141349,-0.439514362,0101000080D804200788E63EC0400812256BD039C03563BAD80021DCBF,0.5,DA7.8,40.26666667,0.01,0.00011
178,214,WD 2140+207 (LHS 3703),White Dwarf,15018,9.966978952,36.03793692,-16.37933515,01010000804D857DDD17EF2340015BF31DDB0442402779BF1B1C6130C0,0.5,DQ6,40.82102628,0.01,0.00011
179,215,WD 1820+609 (LP 103-294),White Dwarf,15019,-0.181448833,37.13266933,18.99278556,01010000805BF1D021B739C7BF20C4004FFB9042401C24C83127FE3240,0.5,DA10.5,41.7084399,0.01,0.00011
180,216,WD 1900+705 (Gliese 742),White Dwarf,15020,-7.70808964,37.67980538,17.74979414,0101000080E3BE597315D51EC0575FD9DC03D742404E083E82F2BF3140,0.5,DAP3.2,42.35844156,0.01,0.00011
181,217,WD 0000-345 (LHS 1008),White Dwarf,15021,9.408756676,-0.686774505,-42.04040228,010100008022E2168E48D122406A73D6860EFAE5BF55A4E3E62B0545C0,0.5,DCP9,43.08586526,0.01,0.00011
182,218,WD 1121+216 (Gliese 427),White Dwarf,15022,-11.05755552,-10.82479325,41.0169085,01010000806335C8EA771D26C0516C054D4BA625C02043C70E2A824440,0.5,DA6.6,43.83870967,0.01,0.00011
183,219,WD 2326+049 (Gliese 895.2),White Dwarf,15023,0.87396849,27.36998454,-34.99536134,0101000080A61A49C48CF7EB3F5B538B4EB75E3B405A801900687F41C0,0.5,DAV4,44.4359673,0.01,0.00011
184,220,WD 1814+134,White Dwarf,15024,33.88352119,29.75170014,10.92158108,0101000080BF2FEC3817F14040D9B29D6B6FC03D40BA6CAE79D9D72540,0.5,DA9.5,46.39544808,0.01,0.00011
185,221,WD 1036-204 (LHS 2293),White Dwarf,15025,-2.983460129,-39.21529166,24.98574247,0101000080AECC175820DE07C0996657AD8E9B43C0A3ED569E59FC3840,0.5,DQ10.2,46.59428571,0.01,0.00011
186,222,WD 1633+572 (Gliese 630.1B),White Dwarf,15026,2.129015877,35.55741778,30.86506305,0101000080BF09E379390801408BA73F7759C741405FBAA4C574DD3E40,0.5,DQ8,47.13294798,0.01,0.00011
187,223,WD 1444-174 (LHS 378),White Dwarf,15027,35.03984503,-13.94457933,28.49859231,01010000800B6156A419854140BAA7E5E69FE32BC0B27CE1BEA37F3C40,0.5,DC9,47.26956522,0.01,0.00011
188,224,WD 1829+547 (G 227-035),White Dwarf,15028,4.86750632,44.04887755,20.49429091,0101000080ACE4A593537813401A619B9E41064640FB285DD9897E3440,0.5,DAP8,48.8263473,0.01,0.00011
189,225,WD 1310-472 (ER 8),White Dwarf,15029,28.27705243,-37.94257087,12.89729489,0101000080992076E8EC463C40F8678A29A6F842C0F9D55E3C6ACB2940,0.5,DC9,49.04661654,0.01,0.00011
190,226,WD 1633+433 (G 180-063),White Dwarf,15030,13.55983196,33.68454732,33.30022492,010100008042E96E4BA21E2B4073FB1F3F9FD740400F6C2AC56DA64040,0.5,DA7.5,49.26888217,0.01,0.00011
191,227,WD 0743-336 (Gliese 288B),White Dwarf,15031,-17.79843225,-46.1343108,-4.043934144,01010000805BD2510E66CC31C0F3BFA618311147C08AA17E12FD2C10C0,0.5,DC9,49.61362945,0.01,0.00011
192,228,WD 0115+159 (Wolf 1516),White Dwarf,15032,-23.34227599,25.77003205,-36.28617965,01010000808B4137669F5737C0319F07D220C53940EFC3E688A12442C0,0.5,DQ5,50.25577811,0.01,0.00011
193,229,WD 0230-144 (LHS 1415),White Dwarf,15033,-22.74533618,-3.719801345,-45.45315354,010100008025A0155ACEBE36C06F22233527C20DC0EE2E69EF00BA46C0,0.5,DA9,50.9625,0.01,0.00011
194,230,WD 2138-332 (P3327-2),White Dwarf,15034,32.64807301,7.433148519,-38.41911032,010100008065AF6F0EF4524040D1A90D498BBB1D4076E82E68A53543C0,0.5,DZ7,50.9625,0.01,0.00011
195,231,WD 1756+827 (EG 199),White Dwarf,15035,-18.88200872,40.53733688,24.60702563,0101000080D42FCF52CBE132C070447374C74444400DAF1C08669B3840,0.5,DA7,51.04225353,0.01,0.00011
196,232,WD 2154-512 (LTT 8768),White Dwarf,15036,32.40397562,-8.826978261,-39.39984309,010100008002241E79B5334040F4FED2B169A721C0718AF10E2EB343C0,0.5,DQ7,51.77142858,0.01,0.00011
197,233,WD 2336-079 (GD 1212),White Dwarf,15037,4.699268306,22.2713118,-46.75650608,0101000080E798A5FD0CCC1240D604ACB0744536409F69F430D56047C0,0.5,DAV4.6,52.00255102,0.01,0.00011
198,234,WD 1626+368 (Gliese 626.2),White Dwarf,15038,19.35105139,32.32572328,35.86886144,0101000080ED43FF80DE593340AB92E94CB12940401AC706DA36EF4140,0.5,DZ6,52.01913875,0.01,0.00011
199,235,WD 1223-659 (Gliese 2092),White Dwarf,15039,26.80415762,-45.62039567,-3.193007592,0101000080ADBA1646DDCD3A40719D142069CF46C05E287C90478B09C0,0.5,DA6.5,53.00828864,0.01,0.00011
200,236,WD 1019+637 (LP 062-147),White Dwarf,15040,-30.40655771,20.54056168,38.64957374,0101000080FC62842A14683EC021121140628A3440F9D1783B25534340,0.5,DA7.4,53.29411765,0.01,0.00011
201,237,WD 1236-495 (V886 Centauri),White Dwarf,15041,26.70901305,-44.72612823,12.046587,0101000080ED2F16E181B53A40B44614C5F15C46C067D65240DA172840,0.5,DA4.2,53.46885246,0.01,0.00011
202,238,WD 1309+853 (G 256-007),White Dwarf,15042,-24.4916931,38.45542884,28.56939054,01010000803A2B5899DF7D38C045BA027E4B3A4340A8F31394C3913C40,0.5,DC9,53.80402507,0.01,0.00011
203,239,WD 2008-600 (SCR 2012-5956),White Dwarf,15043,41.56964743,-17.5317397,-29.64240795,0101000080DC0CFD34EAC844401F7CCD17208831C0BEF0EFD874A43DC0,0.5,DC9.9,53.98212513,0.01,0.00011
204,240,WD 1257+037 (Gliese 492),White Dwarf,15044,13.50868116,-17.0810449,49.51194906,01010000802B9564DB71042B40F101CB5BBF1431C07FF5FA8B87C14840,0.5,DA8.7,54.08955224,0.01,0.00011
205,241,WD 0208+396 (LHS 151),White Dwarf,15045,-38.67492725,33.4222926,-19.02653314,0101000080F1F62004645643C0E12B15AF0DB64040698F38E0CA0633C0,0.5,DAZ7,54.54180602,0.01,0.00011
206,242,WD 2054-050 (Gliese 812B),White Dwarf,15046,34.33491195,32.75802614,-27.3839369,010100008011251065DE2A41401468240007614040453A4DB049623BC0,0.5,DC10.9,54.78918192,0.01,0.00011
207,243,WD 0322-019 (LHS 1547),White Dwarf,15047,-38.38258719,-3.392624029,-38.98909337,01010000809375F69DF83043C0176E211118240BC0936B8E9C9A7E43C0,0.5,DZ9+DB,54.81680672,0.01,0.00011
208,244,WD 2105-820 (EG 142),White Dwarf,15048,30.93055679,-35.88820564,-29.21007669,0101000080E91E44F838EE3E401DF6EFB8B0F141C0B2330196C7353DC0,0.5,DA4.5,55.65870307,0.01,0.00011
209,245,WD 2047+372 (EG 261),White Dwarf,15049,10.66697229,55.20317728,-3.91990797,0101000080C6C659647D552540F3718EB6019A4B4087D6B3B5F85B0FC0,0.5,DA3.5,56.36080871,0.01,0.00011
210,246,WD 2002-110 (LHS 483),White Dwarf,15050,44.98498937,27.33846937,-20.59721035,01010000806187B521147E464004D9BAEDA5563B402D150AC7E29834C0,0.5,DC10.5,56.52686309,0.01,0.00011
211,247,WD 0326-273 (LHS 1549),White Dwarf,15051,-23.84251822,-21.85994632,-46.47652845,0101000080232F2946AFD737C02EB7287125DC35C08A2E5EE2FE3C47C0,0.5,DA7+DA5,56.625,0.01,0.00011
212,248,WD 0423+120 (G 083-010),White Dwarf,15052,-51.32423365,-2.721010373,-23.76572675,0101000080A081FD7C80A949C0E3E42016A1C405C020EC14AB06C437C0,0.5,DC8,56.625,0.01,0.00011
213,249,WD 1705+030 (G 139-013),White Dwarf,15053,47.91338677,20.64315083,23.50354347,0101000080E2DF90DBE9F44740C93E6588A5A43440ADC38F39E8803740,0.5,DZA7.7,57.22105263,0.01,0.00011
214,250,WD 1043-188 (LHS 290),White Dwarf,15054,-3.176873524,-47.06422981,32.56736875,0101000080BDDD88AA3C6A09C06CB0B2AE388847C0DE02098A9F484040,0.5,DQ9,57.32161687,0.01,0.00011
215,251,WD 0433+270 (G 039-027),White Dwarf,15055,-55.64610843,7.34304523,-13.31665798,01010000808C4258AEB3D24BC05F98AF3F475F1D401F3CA8FE20A22AC0,0.5,DC8,57.68659356,0.01,0.00011
216,252,WD 0357+081 (LHS 1617),White Dwarf,15056,-49.17533239,-1.802689105,-30.96263344,0101000080617DB04A719648C0C549ED87D0D7FCBF03D626256FF63EC0,0.5,DA9,58.13903743,0.01,0.00011
217,253,WD 1935+276 (PY Vulpeculae),White Dwarf,15057,26.91100957,51.90385895,3.26448844,0101000080377E55EC37E93A4034396BA6B1F34940AEC27F1DAC1D0A40,0.5,DAV4.1,58.55655296,0.01,0.00011
218,254,WD 1009-184 (WT 1759),White Dwarf,15058,-10.20465436,-49.78992059,29.39798433,01010000801C5ECE74C86824C0573E2E1E1CE548C0A4AB114DE2653D40,0.5,DZ7.8,58.71467147,0.01,0.00011
219,255,WD 0751-252 (SCR 0753-2524),White Dwarf,15059,-27.39053457,-52.52176661,1.242170158,0101000080801BD612FA633BC0220C8F3FC9424AC09ED5CAD0EDDFF33F,0.5,DC,59.24795641,0.01,0.00011
220,256,WD 0747+073AB (LHS 239/240),White Dwarf,15060,-47.91892155,-31.27320253,16.76751766,0101000080796BAA389FF547C0D288DB99F0453FC06DCD90097CC43040,0.5,DC9+DC,59.62705667,0.01,0.00011
221,257,WD 0121-429 (LHS 1243),White Dwarf,15061,3.584878756,-16.99464679,-57.14407297,01010000804C29C9E9D4AD0C40131F0A2CA1FE30C09D31ABFB70924CC0,0.5,DAH+DC,59.72532504,0.01,0.00011
222,258,WD 1609+135 (LHS 3163),White Dwarf,15062,40.01506628,20.26082023,39.620979,0101000080AAEF1DB1ED01444036FC551DC54234405B40683D7CCF4340,0.5,DA5.8,59.84587156,0.01,0.00011
223,259,WD 0644+025 (G 108-026),White Dwarf,15063,-51.99522101,-30.29384967,0.256220549,0101000080FD1EED6663FF49C0249762BB394B3EC0A029A1DFEA65D03F,0.5,DA7,60.17712177,0.01,0.00011
224,260,WD 0415-595,White Dwarf,15064,0.160596759,-44.35617727,-40.73255118,0101000080EBD1DF416F8EC43F421D7F37972D46C0845FB03CC45D44C0,0.5,DA,60.22156573,0.01,0.00011
225,261,WD 0657+320 (LHS 1889),White Dwarf,15065,-58.46193284,-4.801513887,16.60772181,0101000080CC5F849D203B4DC0C1D16F0EC03413C0140413A8939B3040,0.5,DA11,60.96448598,0.01,0.00011
226,262,WD 2211-392,White Dwarf,15066,34.60159159,1.689302298,-50.16517386,0101000080A04C06F4004D41407B7BAFD86107FB3F536DC36A241549C0,0.5,DA8.1,60.96448598,0.01,0.00011
227,263,WD 0341+182 (Wolf 219),White Dwarf,15067,-53.9549049,9.109871488,-29.16884471,01010000802425E2523AFA4AC01A725F1341382240778D2B68392B3DC0,0.5,DQ5,62.00760456,0.01,0.00011
228,264,WD 2246+223 (LHS 3857),White Dwarf,15068,0.698801939,52.60065416,-33.04976904,0101000080485D4CE2955CE63F03B44A3CE24C4A40A093F7D45E8640C0,0.5,DA5,62.12571429,0.01,0.00011
229,265,WD 0806-661 (LTT 3059),White Dwarf,15069,9.757539492,-58.79743385,-18.87428561,01010000800C235F37DC832340973CF94F12664DC03C50862ED1DF32C0,0.5,DQ4,62.5186889,0.01,0.00011
230,266,WD 1315-781 (L040-116),White Dwarf,15070,34.03126176,-49.71937206,-16.82090423,01010000805F68A6620004414096AD376214DC48C081FF94C726D230C0,0.5,DC8.8,62.55466053,0.01,0.00011
231,267,WD 0011-134 (LHS 1044),White Dwarf,15071,0.274448796,17.98987771,-60.98009123,0101000080E5C7CFAE9190D13F477D27A068FD314024F921A1737D4EC0,0.5,DA8.5,63.57894737,0.01,0.00011
232,268,WD 2117+539 (G 231-040),White Dwarf,15072,-5.585920537,63.98128159,3.703660267,010100008008E1A18DFB5716C0C39B98A29AFD4F40B81352A218A10D40,0.5,DA3.3,64.33136095,0.01,0.00011
233,269,WD 1919+145 (EG 201),White Dwarf,15073,42.02790219,49.04082895,0.14776667,0101000080B5C4884C92034540717D0EE239854840985E8BAB04EAC23F,0.5,DAP3.4,64.58613862,0.01,0.00011
234,270,WD 0213+427 (Gliese 91.3),White Dwarf,15074,-46.94510287,40.60331248,-19.20686367,0101000080BC007F21F97847C0306FE557394D44406B617904F53433C0,0.5,DA9,64.97211155,0.01,0.00011
235,271,WD 1344+106 (Gliese 1178),White Dwarf,15075,22.82656008,-6.645015118,60.88577673,010100008076C7FF7099D336403CF1D4D77E941AC03474C32161714E40,0.5,DA7,65.36272546,0.01,0.00011
236,272,WD 2048+263 (LHS 3589),White Dwarf,15076,21.36775315,60.62835031,-12.53328143,010100008040400812255E3540D4F06FC86D504E4007D47A430A1129C0,0.5,DA9,65.4939759,0.01,0.00011
237,273,WD 0419-487 (RR Caeli A),White Dwarf,15077,-11.5586097,-45.37556353,-46.01809118,0101000080ED743117021E27C0CD753B7712B046C01839D1CF500247C0,0.5,DAZ8,65.65217391,0.01,0.00011
238,274,WD 0511+079 (G 084-041),White Dwarf,15078,-61.19964828,-15.21943119,-19.81886785,0101000080BDA628138E994EC0738BF14859702EC0EF7ECB52A1D133C0,0.5,DA8,66.10458046,0.01,0.00011
239,275,WD 1208+576 (LHS 2522),White Dwarf,15079,-23.64697407,25.04529083,57.11709188,01010000809002B817A0A537C0A0A8092E980B3940139DE1DDFC8E4C40,0.5,DA58.6,66.69938651,0.01,0.00011
240,276,WD 0628-020 (LP 600-042),White Dwarf,15080,-56.09887364,-35.64386004,-6.494399463,0101000080451E35E4A70C4CC029807B016AD241C0D7FA52DA43FA19C0,0.5,DA7.3+dM,66.78132678,0.01,0.00011
241,277,WD 0856+331 (EG 182),White Dwarf,15081,-50.17278159,-10.07138706,42.99207848,0101000080503307B51D1649C07C1D40D88C2424C02C55796DFC7E4540,0.5,DQ5,66.83606558,0.01,0.00011
242,278,WD 0423+044 (LHS 1670),White Dwarf,15082,-58.05806621,-10.27560304,-33.03421304,0101000080F179ACB66E074DC0D4F476D71B8D24C0C8F2C717618440C0,0.5,DC9,67.58392043,0.01,0.00011
243,279,WD 2248+293 (LHS 529),White Dwarf,15083,-4.172680657,60.99724648,-30.29596785,0101000080FFDDB932D3B010C058D3CCC5A57F4E40DD6A8C8CC44B3EC0,0.5,DA9.2,68.23430962,0.01,0.00011
290,327,LHS 3583,Star,30024,19.54193267,-22.17711581,-17.6634406,0101000080B2487619BC8A3340F78D3376572D36C0B0D63F3ED7A931C0,0.5,M2.5 V,34.43412162,,
244,280,WD 1639+537 (LP 137-043),White Dwarf,15084,7.425833382,51.66857997,44.8335629,0101000080B8F084AA0DB41D4091F4480794D5494057546930B26A4640,0.5,DCP7,68.81012658,0.01,0.00011
245,281,WD 2126+734 (Gliese 828.5),White Dwarf,15085,-22.44336678,62.57043486,19.40561593,01010000809B3B3C7C807136C063196E0204494F402D161272D6673340,0.5,DA3+DC10,69.24840764,0.01,0.00011
246,282,WD 0243-026 (LHS 1442),White Dwarf,15086,-41.54424753,2.891056512,-55.32684024,0101000080AF232FE7A9C544C0336C8F3CE22007408DE8A6E6D5A94BC0,0.5,DA7.5,69.24840765,0.01,0.00011
247,283,WD 0101+048 (LTT 10380),White Dwarf,15087,-23.26588709,29.03214929,-58.75508837,010100008086FA232D114437C0BE2395EF3A083D40B75E57BCA6604DC0,0.5,DA6,69.54371002,0.01,0.00011
248,284,WD 2347+292 (LHS 4019),White Dwarf,15088,-17.74739569,57.16312148,-36.56909355,0101000080ABB8ED5255BF31C004F0262AE1944C40A9CEB40ED84842C0,0.5,DA8.6,70.14193549,0.01,0.00011
249,285,WD 1214+032 (LP 554-063),White Dwarf,15089,6.60299565,-29.64196938,63.56289385,0101000080648511B177691A402622F41A58A43DC04D6FDAE70CC84F40,0.5,DA,70.44492441,0.01,0.00011
250,286,WD 0503-174 (LHS 1734),White Dwarf,15090,-48.50672185,-37.58845297,-36.74533969,010100008095F5F642DC4048C029B14A6D52CB42C0FB7A7C4A675F42C0,0.5,DAH9.5,71.52631579,0.01,0.00011
251,287,WD 0827+328 (EG 249),White Dwarf,15091,-59.20281091,-10.67089128,40.71775954,01010000806ADC38B5F5994DC00C8BD50F7F5725C094586B8BDF5B4440,0.5,DA6.7,72.64142539,0.01,0.00011
252,288,WD 2322+137 (LP 522-046),White Dwarf,15092,-3.086981177,52.3263951,-50.29110862,010100008024A9F42F23B208C08E098C50C7294A40EA3D190C432549C0,0.5,DC10.2,72.64142539,0.01,0.00011
253,289,WD 2011+065 (LHS 3532),White Dwarf,15093,46.47120521,53.0103208,-18.82643811,0101000080D153CB73503C4740FA3B253152814A40399EAE7291D332C0,0.5,DC7,72.96644295,0.01,0.00011
254,290,WD 0618+067 (LHS 1838),White Dwarf,15094,-67.57684879,-29.26049436,-4.736124092,010100008061F22F17EBE450C011FE24C2AF423DC033C09383CAF112C0,0.5,DA9,73.7918552,0.01,0.00011
255,291,WD 2040-392 (L495-082),White Dwarf,15095,58.25957231,3.080586995,-45.23827225,0101000080D7325BAA39214D40361060CB0AA50840ADA580B47F9E46C0,0.5,DA4.7,73.8252603,0.01,0.00011
256,292,WD 2351-335 (LTT 9768),White Dwarf,15096,17.7958144,0.956196509,-72.40695114,010100008095AF157EBACB3140328AD66B2999EE3FAD57CB7C0B1A52C0,0.5,DA5.5+dM+dM,74.56790124,0.01,0.00011
257,293,WD 0946+534 (EG 251),White Dwarf,15097,-48.0017778,15.47071609,55.4831799,0101000080EE6D44413A0048C0828008B301F12E40D34AC6D6D8BD4B40,0.5,DQ6,74.97931035,0.01,0.00011
258,294,WD 0038+555 (LTT 17144),White Dwarf,15098,-38.98205229,63.59366562,-9.169486267,01010000808641B2E3B37D43C06D542B3CFDCB4F40B2C56BE7C65622C0,0.5,DQ5,75.15207373,0.01,0.00011
259,295,WD 1655+215 (LHS 3254),White Dwarf,15099,46.99083796,41.50366745,42.69315675,0101000080EDEA3CC7D37E4740A5E7CC2C78C044403620425CB9584540,0.5,DA5.5,75.85116279,0.01,0.00011
260,296,WD 1625+093 (G 138-031),White Dwarf,15100,56.1853655,25.36191965,44.80259307,01010000804227840EBA174C409F8724C4A65C3940B8D2A55EBB664640,0.5,DA7,76.20560747,0.01,0.00011
261,297,WD 0029-031 (LHS 1093),White Dwarf,15101,-11.62263338,29.75863657,-69.57937297,0101000080F2FE68CDC93E27C01AB3990136C23D4087955D72146551C0,0.5,DA,76.56338028,0.01,0.00011
262,298,WD 0706+377 (G 087-029),White Dwarf,15102,-74.55106346,0.224192355,26.63068879,01010000801EAEAC9F44A352C0107E5EC855B2CC3FFA000FD274A13A40,0.5,DQ8,79.16504854,0.01,0.00011
263,299,WD 0955+247 (LTT 12661),White Dwarf,15103,-44.80449367,-22.51786648,62.00712134,0101000080983E09A6F96646C06D4BCBE5928436C0AC33215AE9004F40,0.5,DA6.1,79.74572127,0.01,0.00011
264,300,WD 1436-781 (LTT 5814),White Dwarf,15104,47.99869569,-60.20500551,-23.1932377,0101000080639AA742D5FF47409379DC9E3D1A4EC0B1DAA106783137C0,0.5,DA8,80.41420118,0.01,0.00011
265,301,WD 1840+042 (EG 225),White Dwarf,15105,65.59101475,47.45889753,5.315173264,010100008008AD872FD365504058C87D27BDBA474076D0B5C7BC421540,0.5,DA5.8,81.13432835,0.01,0.00011
266,302,WD 2008-799 (SCR 2016-7945),White Dwarf,15106,48.76986154,-50.50897609,-41.22152367,0101000080C55FACD28A6248407B7FE620264149C04FF83AE35A9C44C0,0.5,DA8.7,81.41787318,0.01,0.00011
267,303,Gliese 1068,Star,30001,-1.949944449,-15.93705024,-16.10554037,01010000803F8C57F3F832FFBF95048F0CC5DF2FC0C88E95B1041B30C0,0.5,M4.5 V,22.7415981,,
268,304,LHS 3746,Star,30002,14.46107426,1.632254625,-19.44497806,01010000806E74E7EC11EC2C4079EA9106B71DFA3F35230715EA7133C0,0.5,M3 V,24.2877355,,
269,305,Gliese 293 (WD 0752-676),White Dwarf,30003,4.315750048,-23.97752833,-8.594854554,0101000080527B07FB534311407443F04B3FFA37C0039DAEC6903021C0,0.59,DC9,25.83445545,,
270,306,Gliese 300,Star,30004,-12.31759422,-22.64816784,3.111644172,0101000080E698A8B59BA228C0741EDB53EEA536C0643B1CB3A5E40840,0.5,M3.5 V,25.96815287,,
271,307,Gliese 915 (WD 2359-434),White Dwarf,30005,7.581628907,-4.090556008,-25.17704699,010100008095E4378796531E40E843D3B6BA5C10C0BEE797F3522D39C0,0.85,DA5,26.61010035,,
272,308,SCR 1138-7721,Star,30006,12.43030829,-22.5595488,-6.937625942,0101000080D07E415E51DC28401C8414973E8F36C0B415D30321C01BC0,0.5,M5 V,26.67539053,,
273,309,AP Columbae,Star,30007,-12.14014875,-21.85071418,-11.12381625,01010000808BA6B393C14728C0ED578D67C8D935C03EEDF0D7643F26C0,0.5,M4.5Ve,27.3601208,,
274,310,Gliese 1276 (WD 2251-070),White Dwarf,30008,7.011109884,14.1494452,-22.95569521,0101000080F8C4B163600B1C409F16CD14844C2C40D3E4F770A8F436C0,0.5,DZ9,27.86263455,,
275,311,G 089-032 AB,Star,30009,-23.17750409,-14.29825605,6.389605074,0101000080CC7475E8702D37C0152B5904B5982CC01EBEECA1F48E1940,0.5,M4.5 V,27.97255575,,
276,312,Gliese 1207,Star,30010,25.15217875,6.692344314,11.02453881,01010000806B65C22FF526394064CE68E8F5C41A4092DDD459900C2640,0.5,M3.5 V,28.26588093,,
277,313,SCR 0630-7643 AB,Star,30011,7.820893068,-24.09829734,-13.20511351,0101000080DC4A423198481F407395B4032A1938C0E6D552A304692AC0,0.5,M5 V,28.57042747,,
278,314,Gliese 318 (WD 0839-327),White Dwarf,30012,-7.617609185,-27.53339608,2.790304906,01010000800923CD8A6E781EC0236A3FA58C883BC0591BE9608B520640,0.5,DA6,28.70368741,,
279,315,Gliese 1123,Star,30013,10.63033143,-25.59341596,-9.829840278,010100008059FB1ACDBA422540DC1FBD1BEA9739C0BDD32DD3E0A823C0,0.5,M4.5 V,29.40497656,,
282,319,Gliese 283 B,Star,30015,-17.46193446,-23.9992157,1.288950513,01010000806D983656417631C05626A199CCFF37C072F5B7928A9FF43F,0.5,M6 V,29.70762365,,
283,320,LHS 2206,Star,30017,-16.72278247,-10.33691771,22.78124736,0101000080A8C59E4508B930C053C9637A80AC24C04D49B5D3FFC73640,0.5,M4.5 V,30.09133684,,
284,321,WT 460,Star,30018,21.60109951,-18.95394273,9.809571432,0101000080751751A8E1993540629B3B9735F432C0896E9025809E2340,0.5,M5.5 V,30.36588772,,
285,322,APMPM J0237-5928,Star,30019,3.618562313,-18.59532168,-25.09947401,010100008024FC46CCD0F20C4025336A00679832C082C0F320771939C0,0.5,M5 V,31.44620131,,
286,323,Wolf 227,Star,30020,-28.22306637,3.41580416,-14.93188987,0101000080C9FCABE01A393CC00FEDA52191530B40543F46AB20DD2DC0,0.5,M4.5 V,32.11184405,,
287,324,LHS 1302,Star,30021,-12.98786733,4.823945432,-29.24799378,0101000080104626BFC9F929C0AE83F059B84B134020B636857C3F3DC0,0.5,M5 V,32.3635642,,
288,325,Gliese 1277,Star,30022,17.14237018,-11.68951936,-26.24900785,01010000809006435F7224314055517AAE086127C081327CFABE3F3AC0,0.5,M4 V,33.45917111,,
289,326,LHS 5156,Star,30023,8.057743316,-32.97185821,-4.790138141,0101000080B0902B88901D204049268ED9657C40C040AB0BF9192913C0,0.5,M4.5 V,34.27850762,,
291,328,SCR 0821-6703 (WD 0821-669),White Dwarf,30025,6.261711855,-32.68132429,-9.974319211,01010000804ECD4831FE0B19409DC263A2355740C01338B6F7D9F223C0,0.5,DA9.8,34.7385238,,
292,329,Gliese 1129,Star,30026,-9.276440984,-29.8252938,15.20409578,0101000080AE1B33AC898D22C07197587446D33DC006B4F83D7F682E40,0.5,M3.5 V,34.7385238,,
293,330,Gliese 1050,Star,30027,-7.921875493,-11.90446517,-31.71999029,0101000080EEAC152100B01FC0CB0A0B0F16CF27C0D0FC9C4851B83FC0,0.5,M3.5 V,34.79411137,,
294,331,LHS 2836,Star,30028,21.67870168,-15.76708096,22.69619687,01010000801B57AF64BFAD3540272BE9D5BE882FC0423A44F539B23640,0.5,M4 V,35.12384234,,
295,332,Gliese 438,Star,30029,13.33929109,-32.43104903,5.948459189,010100008096BFCE8FB7AD2A404869579D2C3740C0FB61B9E238CB1740,0.5,M1 V,35.56815703,,
296,333,LHS 306,Star,30030,2.612502413,-26.32762279,25.21574263,0101000080DD7244AA67E604406A795016DF533AC0FA33B4E83A373940,0.5,M4.5 V,36.5486329,,
297,334,Gliese 1025,Star,30031,-9.077531853,11.1877969,-34.2864273,01010000800A114A41B22722C093944FEA266026403E1757A6A92441C0,0.5,M3.5 V,37.19042189,,
298,335,Gliese 1088,Star,30032,-11.22393882,-31.97282607,-16.00834295,0101000080E068E81BA87226C0A1581B210BF93FC0F46679C3220230C0,0.5,M3.5 V,37.47673216,,
299,336,LHS 547,Star,30033,11.89657241,-0.484962288,-35.90157874,01010000804DE4F6890BCB27409D36B0439F09DFBFD188A1EE66F341C0,0.5,M4.5 V,37.82442305,,
300,337,LHS 1050,Star,30034,-8.555701111,23.72452432,-28.41350569,0101000080153124DB841C21C0808E036D7AB937408A424782DB693CC0,0.5,M3 V,37.99184624,,
301,338,LHS 510,Star,30035,26.67447806,0.589178255,-28.46480129,0101000080CC911998AAAC3A40BEA8175B8CDAE23F49B0A337FD763CC0,0.5,M1.5 V,39.01435407,,
302,339,ER2,Star,30036,22.04575732,-28.94996694,14.09724691,0101000080DEF370C0B60B3640C9948B0831F33CC0932CD458CA312C40,0.5,M V,39.02368988,,
303,340,LHS 281,Star,30037,4.915911956,-38.59185269,5.301626054,01010000803E24E4D2E4A91340C1CC35D4C14B43C0C434D675DD341540,0.5,M3.5 V,39.26327194,,
304,341,LHS 475,Star,30038,22.91842813,-26.09828738,-18.33967416,010100008091131E1B1EEB3640A3B59A5C29193AC00C7FC0E2F45632C0,0.5,M3 V,39.27745665,,
305,342,LHS 3413,Star,30040,34.1336762,-13.4309357,-15.11717022,010100008074A03D4D1C114140945BA49AA3DC2AC025EE2DBCFD3B2EC0,0.5,M3.5 V,39.6740056,,
306,343,LHS 512,Star,30041,25.89579452,5.388511486,-29.69342399,0101000080055627CA52E5394021F679F4D58D1540D44F0F3C84B13DC0,0.5,M3.5 V,39.76591075,,
307,344,WT 1827,Star,30042,-6.26186732,-29.18707914,27.03161657,0101000080282A5DF2260C19C05610246BE42F3DC06529060618083B40,0.5,M V,40.27163847,,
308,345,LHS 4009 AB,Star,30043,5.511057502,11.93088103,-38.60987658,0101000080A0DC65A8520B164033A238709CDC274021D98E6F104E43C0,0.5,M4.5 V,40.78529449,,
309,346,LHS 3295,Star,30044,25.54015496,-27.4053875,-16.15295055,0101000080E1F86F98478A39400BB5A679C7673BC0BC276AC4272730C0,0.5,M3 V,40.79549719,,
310,347,LHS 1777,Star,30045,-33.75343693,-19.41259808,-12.55970356,01010000806DF90E9F70E040C00DFE1B07A06933C03F4F0B77911E29C0,0.5,M5.5 V,40.91319619,,
311,348,Gliese 1251,Star,30046,25.75466782,-23.79115398,-21.7797019,01010000805E3E06E931C139404333361189CA37C00A21318B9AC735C0,0.5,M4.5 V,41.27562642,,
312,349,LHS 2520,Star,30047,9.035008628,-27.28696259,30.42136244,0101000080F8ACA0A6EC112240B8395B6176493BC01190AB68DE6B3E40,0.5,M3.5 V,41.85294495,,
313,350,LHS 176,Star,30048,-27.62244346,-7.462785199,-30.6625416,0101000080204F6074589F3BC0851CFB5CE4D91DC0513D88539CA93EC0,0.5,M V,41.93905105,,
314,351,Gliese 1001 A,Star,30049,11.06922115,-5.08739156,-40.64936284,01010000800EE25EF470232640F095502C7D5914C0D38450521E5344C0,0.5,M4 V,42.43559719,,
315,352,Gliese 1158,Star,30050,21.16693816,-36.87447572,5.03045739,010100008088A79175BC2A3540E54505D2EE6F42C0D5E2D738301F1440,0.5,M4 V,42.81438698,,
316,353,LHS 2899,Star,30051,24.42192712,-7.018891614,35.53554592,01010000800AB26D6A036C3840D331C15258131CC0FFF3C9C48CC44140,0.5,M3.5 V,43.6860434,,
317,354,LHS 1955 A,Star,30052,-17.87328607,-40.05243506,-0.49870945,0101000080CEB306AD8FDF31C091EE2931B60644C084317D0ADBEADFBF,0.5,M4 V,43.86229155,,
318,355,LHS 272,Star,30053,-12.11556992,-37.71759202,19.38786451,0101000080499A05FB2B3B28C0A2E2280EDADB42C0A4BAA9164B633340,0.5,M2 V,44.10547667,,
321,359,LHS 2718,Star,30055,25.27648544,-30.68371929,20.33903174,0101000080C39EF2BFC7463940C031363A08AF3EC0219BBBC8CA563440,0.5,M3.5 V,44.65498357,,
322,360,LHS 2010,Star,30056,-5.794441987,-44.32450921,-2.99987558,0101000080E1EF4233822D17C0B4198E84892946C02D5AA1C4BEFF07C0,0.5,M3 V,44.8021978,,
323,361,LHS 1351,Star,30057,9.025094328,-26.83409682,-35.74387678,01010000807326EC29D90C2240FC98835E87D53AC0492DB55A37DF41C0,0.5,M2.5 V,45.59765134,,
324,362,Ross 848,Star,30058,28.25059387,-12.40413715,33.58226604,0101000080633A7CEB26403C4082B28410EBCE28C08BAF8FB187CA4040,0.5,M4 V,45.60402685,,
325,363,LHS 2729,Star,30059,24.54473123,-27.32340543,27.07477089,0101000080B9F58181738B3840E632C1B2CA523BC0293E5F2F24133B40,0.5,M3.5 V,45.62954673,,
326,364,LHS 1807,Star,30060,-29.87658897,-31.30283335,-15.42155919,0101000080302F7E2268E03DC05C63867C864D3FC0AAC12C9BD6D72EC0,0.5,M3.5 V,45.93802817,,
327,365,WT 795,Star,30061,31.54634577,-2.047512482,-34.65708139,01010000803B75FE50DD8B3F40FCBB62394E6100C01C6E343E1B5441C0,0.5,M4 V,46.90924781,,
328,366,LHS 1491,Star,30062,-22.12534327,-11.5630161,-41.55577647,0101000080776C1D7F162036C0313E71A5432027C0A644F1AE23C744C0,0.5,M3.5 V,48.47800238,,
329,367,LHS 2071 AB,Star,30063,-16.87205582,-44.35940287,11.44009113,0101000080BC2FDB0C3FDF30C0885ECAE9002E46C02938E59F53E12640,0.5,M4 V,48.81903907,,
330,368,LHS 2106,Star,30064,-16.48591747,-44.18643665,14.17735891,01010000807F345A16657C30C04D43F927DD1746C05B357CC9CE5A2C40,0.5,M4.5 V,49.246565,,
331,369,Gliese 1147,Star,30065,14.76664278,-44.13984231,16.42764873,010100008009A1076785882D400706525AE61146C0A4861D637A6D3040,0.5,M3 V,49.35835351,,
332,370,LHS 205,Star,30066,14.84866965,-39.99906356,-25.89540047,01010000802DB70FD484B22D40A5699250E1FF43C0187917F738E539C0,0.5,M3 V,49.90971691,,
333,371,LHS 1358,Star,30067,-26.21258868,8.476649082,-41.69096398,01010000808D1934366C363AC083B735590BF420403168F88171D844C0,0.5,M4 V,49.97089015,,
334,372,LHS 1767,Star,30068,-25.56599097,-35.15243949,-24.66862985,010100008038FBC1C8E49039C09F152023839341C01FE16A532BAB38C0,0.5,M3.5 V,49.97854735,,
335,373,LHS 2021,Star,30069,-37.43869278,-26.50893218,22.79888531,0101000080B08BC31527B842C063FB1C6149823AC06FB467BF83CC3640,0.5,M8 V,51.22663735,,
336,374,LHS 4058,Star,30070,11.69293005,-0.495318968,-50.31339875,0101000080CF543EBAC76227408B8029544EB3DFBFBBED42731D2849C0,0.5,M3.5 V,51.65663605,,
337,375,Gliese 1157,Star,30071,23.47809211,-44.41109777,14.37899803,0101000080F6EC983E647A3740E4CD0ADA9E3446C06532A0070CC22C40,0.5,M4 V,52.25248318,,
338,376,LHS 4021,Star,30072,3.233379998,19.90673645,-48.21269676,0101000080B89A1755F6DD094055D746E11FE833402415BEA5391B48C0,0.5,M4 V,52.26085563,,
339,377,WT 178,Star,30073,0.791686752,-44.42825329,-28.12752588,0101000080DD8690747F55E93F2A7AF900D13646C05EFE3B89A5203CC0,0.5,M4.5 V,52.58948726,,
340,378,LHS 1932,Star,30074,-5.122693456,-50.71065409,-13.29593729,010100008018D0735AA37D14C0C9A895B6F65A49C0096FAC1785972AC0,0.5,M3.5 V,52.6744186,,
341,379,LHS 346,Star,30075,29.10125634,-39.13427708,20.28590053,01010000800AD07CEFEB193D40E799C9FD2F9143C05242F2C630493440,0.5,M3.5 V,52.8194332,,
342,380,LTT 6933,Star,30076,44.43459249,-26.16621268,-13.76704244,010100008090D109BAA0374640D0C708EA8C2A3AC05AE364C9B9882BC0,0.5,M V?,53.37260677,,
343,381,LHS 3719,Star,30077,33.74621599,-19.99759162,-37.26809107,0101000080B1666C0184DF4040E6A9162A62FF33C0F4FFE4CE50A242C0,0.5,M2 V,54.10749834,,
344,382,LHS 3167,Star,30078,39.42853584,-34.81704635,-12.79458562,010100008061FB2C43DAB6434078488CF9946841C0348B27EDD39629C0,0.5,M4 V,54.13443983,,
345,383,Gliese 633,Star,30079,51.10361932,-19.90568119,0.314125933,01010000801F51DB65438D494001A7F3B8DAE733C006DF43A8A31AD43F,0.5,M3 V,54.84445939,,
346,384,LHS 2122,Star,30080,9.970442303,-54.07161976,-8.706263003,0101000080711444D0DDF02340437917D62A094BC0FE84E84D9B6921C0,0.5,M3.5 V,55.66820276,,
347,385,WT 562,Star,30081,44.34796324,-26.62115771,-20.98847249,01010000804E01380F8A2C4640B61B1231049F3AC0B28B79880CFD34C0,0.5,M4.5 V,55.82064008,,
350,389,Gliese 808,Star,30083,33.63788027,-35.01609296,-30.40841926,0101000080F234890FA6D14040AB7288550F8241C0ABC1242A8E683EC0,0.5,M2.5 V,57.2914105,,
353,393,WT 870,Star,30085,34.68890648,-4.089282055,-45.94817532,01010000801ECD68162E584140F26049C16C5B10C01D2313CF5DF946C0,0.5,M4 V,57.71721819,,
354,394,Gliese 1118,Star,30086,-14.30153259,-55.42571635,9.632468841,0101000080D474C97A629A2CC0AE4F94DF7DB64BC005ABB7F4D2432340,0.5,M3 V,58.04591564,,
355,395,LHS 1630 AB,Star,30087,-30.40904438,-26.37247636,-41.83671135,01010000806DB6EA21B7683EC0AEBB589C5A5F3AC09438865B19EB44C0,0.5,M3.5 V,58.05624778,,
356,396,LHS 3197,Star,30089,55.17225181,-1.180566845,21.62177749,01010000803B50E9580C964B403A45600F9AE3F2BF60F040CF2C9F3540,0.5,M4.5 V,59.26948937,,
357,397,LHS 3909,Star,30090,14.33393558,22.34751856,-53.14748655,01010000803F24B69AF9AA2C40F9F3F1F9F6583640C96CDAD6E0924AC0,0.5,M3 V,59.40983607,,
358,398,LHS 2401,Star,30091,4.432826014,-45.78439155,38.33554632,0101000080C0F31BBE36BB11401F413BF166E446C0B9588B2EF32A4340,0.5,M3 V,59.87883238,,
359,399,LHS 3218,Star,30093,58.31880109,-8.023749651,14.10550008,010100008055BD5F79CE284D403EAC0CEA280C20C099A6421B04362C40,0.5,M4 V,60.53452116,,
360,400,LHS 2328,Star,30094,-6.566807653,-43.10912392,42.05182116,0101000080B207B33969441AC040CEC9C5F78D45C06CB86513A2064540,0.5,M3.5 V,60.5794948,,
361,401,LHS 3169,Star,30095,57.37021112,-12.1823457,16.93112114,0101000080FD81F61363AF4C40E921646A5C5D28C00BEA7CF45DEE3040,0.5,M3.5 V,61.0443571,,
362,402,LHS 539,Star,30096,23.74553509,-0.209134948,-56.9627851,010100008007923D63DBBE3740202A0E19EFC4CABFBDC9CA8A3C7B4CC0,0.5,M V?,61.71428571,,
363,403,LHS 423,Star,30097,61.22842698,-11.3844269,12.23155313,0101000080E14F64183D9D4E40C367469AD3C426C0DB45C1218E762840,0.5,M3 V,63.4676007,,
367,408,LHS 2335,Star,30100,6.296774601,-57.74340403,28.09219351,0101000080555056AEE52F19404548FEDC27DF4CC07C5A6EFE99173C40,0.5,M2.5 V,64.52225519,,
368,409,Gliese 1252,Star,30101,49.75787312,-16.91585084,-37.47566789,0101000080707584FC01E148406BD05D3375EA30C056A777AFE2BC42C0,0.5,M2.5 V,64.54779339,,
369,410,LP 600-043,Star,30102,-54.4485256,-34.59586321,-6.304748176,01010000809BB56F4969394BC077EBE33E454C41C01CBEE5E70F3819C0,0.5,M V?,64.81717011,,
372,414,APMPM J2127-3844,Star,30104,45.74579627,3.302885799,-47.77252473,01010000807C908E4076DF4640CB05C9634F6C0A40C2592117E2E247C0,0.5,M V?,66.22538071,,
373,415,HIP 3856,Star,30105,20.58080371,-31.26495001,-55.66983049,010100008071D84B8DAF9434405E068CC3D3433FC0F3346801BDD54BC0,0.5,M2.5 V,67.08350473,,
374,416,LHS 3443,Star,30106,62.82492715,-1.47074436,-23.67133707,01010000808F6A7D3697694F408B9FEF3C2B88F7BF123E08BFDCAB37C0,0.5,M2 V,67.15256331,,
375,417,APMPM J0544-4108,Star,30108,-22.96260279,-53.84988562,-33.35016055,01010000809E16EE226DF636C0CF9E4F0DC9EC4AC0B84C970FD2AC40C0,0.5,M4 V,67.3745094,,
376,418,LHS 1582 AB,Star,30109,-45.51470031,-14.66409133,-49.29787725,0101000080755823B3E1C146C075D05FC703542DC0787C7BD720A648C0,0.5,M4.5 V,68.67972205,,
377,419,LHS 3925,Star,30110,30.05431198,-12.57683163,-61.52412335,01010000808AE1D163E70D3E40F74BB479562729C0F5A8537916C34EC0,0.5,M3.5 V,69.61792956,,
380,423,LHS 406,Star,30112,61.02863031,-12.12859146,31.62251582,0101000080EA8F7228AA834E40637D66BDD64128C0832460325D9F3F40,0.5,M2 VI,69.79670447,,
381,424,LHS 1749 A,Star,30113,13.85493957,-57.67027512,-38.45964079,0101000080A169AAA3BAB52B407ADC3B93CBD54CC0937A6882D53A43C0,0.5,M2 V,70.68920676,,
382,425,LHS 4039,Star,30114,17.88062021,0.963358359,-72.75648435,01010000808B257A5370E131409976C7E8D4D3EE3FE4CB553D6A3052C0,0.5,M4 V,74.92763611,,
383,426,LHS 4040 (WD 2331-335),White Dwarf,30115,17.88166602,0.960809449,-72.75626103,0101000080FDE441DDB4E13140A7912475F3BEEE3FB7C5A994663052C0,0.5,DA5,74.92763611,,
384,427,WT 244,Star,30116,25.84748815,-67.76629471,-20.33686214,01010000805FFFBFFBF4D839400FA3F7F80AF150C0828FE2983C5634C0,0.5,M4.5 V,75.3256351,,
385,428,LHS 1748,Star,30117,-37.02403887,-51.37244684,-41.1779544,0101000080CC3DA8B4138342C037A68A56ACAF49C0F316B435C79644C0,0.5,M2.5 V,75.53496989,,
388,432,SCR 0342-6407,Star,30119,8.391502878,-55.81270468,-54.53004958,01010000808A99B21073C82040FDF3FAB406E84BC0E4AD25AAD8434BC0,0.5,M4 V,78.47930703,,
389,433,LHS 4016,Star,30120,16.96282682,8.690401137,-76.73760859,0101000080979C87D17BF630408B1201427C6121401DD3A8FA342F53C0,0.5,M2.5 V,79.06909091,,
390,434,Gliese 1281,Star,30121,22.57428978,23.74196445,-72.19500767,0101000080EC86AFA7049336406D8BD761F1BD3740A04773017B0C52C0,0.5,M2.5 V,79.28050559,,
391,435,LHS 3484,Star,30122,57.78070543,-41.61269596,-41.18790929,01010000806ED4D027EEE34C40B14B3BD26CCE44C011955F690D9844C0,0.5,M3.5 V,82.25977301,,
392,436,LHS 1656,Star,30123,-2.75234527,-60.54561898,-56.35591803,0101000080329ACF98CD0406C0A496BDD7D6454EC01074D5B88E2D4CC0,0.5,M V,82.76072063,,
393,437,LHS 3147,Star,30124,76.48011954,-15.44951454,29.01883232,01010000801E9E4E47BA1E5340C2C010C526E62EC00082E631D2043D40,0.5,M3.5 V,83.24655436,,
351,390,LHS 225 A,Star,30084,-19.58278736,-52.01396099,-13.98840375,0101000080E1B86B8D319533C022BC4579C9014AC0CEFC6A0E10FA2BC0,0.5,M3 V,57.31154454,,
352,390,LHS 225 B,Star,30084,-19.58278736,-52.01396099,-13.98840375,0101000080E1B86B8D319533C022BC4579C9014AC0CEFC6A0E10FA2BC0,0.5,M3 V,57.31154454,,
364,404,LHS 3739 A,Star,30098,37.84802462,9.483163525,-50.71874718,0101000080298D1C128CEC42407BFDA43561F722409B1858E8FF5B49C0,0.5,M3.5 V,63.9905827,,
365,404,LHS 3738 B,Star,30098,37.84802462,9.483163525,-50.71874718,0101000080298D1C128CEC42407BFDA43561F722409B1858E8FF5B49C0,0.5,M4.5 V,63.9905827,,
370,411,WD 0419-487 (RR Caeli A),White Dwarf,15077,-11.5586097,-45.37556353,-46.01809118,0101000080ED743117021E27C0CD753B7712B046C01839D1CF500247C0,0.5,DAZ8,65.65217391,,
371,411,RR Caeli B,Star,15077,-11.5586097,-45.37556353,-46.01809118,0101000080ED743117021E27C0CD753B7712B046C01839D1CF500247C0,0.5,M4 V,65.65217391,,
378,420,LHS 2567 A,Star,30111,14.86524776,-34.92352482,58.44988944,0101000080474620C101BB2D40DE78B10F367641C0D1CE27FA95394D40,0.5,M3.5 V,69.69230769,,
379,420,LHS 2568 B,Star,30111,14.86524776,-34.92352482,58.44988944,0101000080474620C101BB2D40DE78B10F367641C0D1CE27FA95394D40,0.5,M4 V,69.69230769,,
386,429,Gliese 1226 A,Star,30118,67.14574748,36.46102246,8.429751771,0101000080C3043DED53C95040F335B2C8023B4240A8AF936C08DC2040,0.5,M3.5 V,76.87013905,,
387,429,Gliese 1226 B,Star,30118,67.14574748,36.46102246,8.429751771,0101000080C3043DED53C95040F335B2C8023B4240A8AF936C08DC2040,0.5,M3.5 V,76.87013905,,
394,438,WT 135,Star,30125,-19.73776426,-53.78145952,-60.8091769,01010000808EDB581EDEBC33C020C694DD06E44AC0DE16D11B93674EC0,0.5,M3 VI,83.54508197,,
395,439,Gliese 762,Star,30126,66.17667437,-32.69981445,-40.58319393,0101000080404C04A24E8B504055021885935940C0B1494419A64A44C0,0.5,M2.5 V,84.23553719,,
396,440,WT 248,Star,30127,25.84165533,-79.61464267,-13.89568008,0101000080A5DA44B976D739401298354E56E753C0AD8E569496CA2BC0,0.5,M3 V,84.8491155,,
397,441,L 064-040 (WD 0928-713),White Dwarf,30128,25.7751447,-77.91668269,-21.54077241,0101000080F02A10E26FC63940FF96DFEDAA7A53C07387870F708A35C0,0.5,DA5.5,84.8491155,,
398,442,Gliese 781.3 (WD 2007-219),White Dwarf,30129,71.30766209,27.13521125,-38.2281296,010100008037B155BCB0D3514021CD58349D223B40F29FC959331D43C0,0.5,DA6,85.33751962,,
399,443,LHS 3245 (WD 1647-327),White Dwarf,30130,85.79721296,-15.07485836,11.31058948,01010000806EC98189057355407C10C0D553262EC0CE299695059F2640,0.5,DA8.5,87.84271479,,
400,444,LHS 3836,Star,30131,48.85597169,-38.35857474,-64.51236884,0101000080096DF77A906D484061BCEEC6E52D43C086D2ACA6CA2050C0,0.5,M3.5 V,89.55518946,,
401,445,LHS 440,Star,30132,86.34698008,-23.36057786,-5.237379589,0101000080A9FDEFEB34965540965CA4D44E5C37C0C0F88DA213F314C0,0.5,M1 VI,89.6043956,,
402,446,LHS 3740,Star,30133,56.1442605,-26.0835198,-66.35707772,010100008064CDC82077124C408791B98D61153AC0F061825CDA9650C0,0.5,M3.5 V,90.75125209,,
403,447,LHS 3080,Star,30134,37.30202803,37.73288985,74.94327366,0101000080A4A9BFDAA8A6424001A9A855CFDD424035387C985EBC5240,0.5,M4 V,91.82432432,,
406,451,LHS 1561,Star,30137,-66.0573637,-12.24566065,-67.68754856,010100008090DECBD8AB8350C00554933BC77D28C029E7ACCB00EC50C0,0.5,M3.5 V,95.36842105,,
407,452,LHS 300 AB,Star,30138,21.66574748,-91.41607024,30.4070274,010100008092FE456D6EAA3540E36812E5A0DA56C06F939BF232683E40,0.5,M0 VI,98.74659401,,
408,453,SCR 2115-7541,Star,30140,59.44569658,-55.37654102,-56.49778125,01010000800085E5950CB94D405140037F32B04BC0F0A7C64BB73F4CC0,0.5,M3.5 V,98.95631068,,
411,457,SIPS 1529-2907,Star,30143,101.8310407,-37.51752656,44.36158653,0101000080470955C52F7559407501714F3EC242C01683A877482E4640,0.5,M6.5 V,117.2393961,,
412,458,LHS 158,Star,30144,-12.4376027,-60.40663187,-115.3221372,010100008058480A760DE028C0A6945B830C344EC0CDB458E59DD45CC0,0.5,M VI,130.7778669,,
413,459,LHS 323,Star,30145,47.74844531,-106.9441917,76.77922898,0101000080B5A5500ECDDF4740E62906A36DBC5AC0824C3AE3DE315340,0.5,M4 V,140.0429369,,
414,460,LTT 5066,Star,30146,80.95665796,-102.4551982,75.96761542,01010000801EEA4EE2393D5440AD8CA1F7219D59C057003A69EDFD5240,0.5,M3 V,151.0699398,,
415,461,LHS 284,Star,30147,-20.08469412,-121.8806465,92.44346756,010100008042908B83AE1534C08F3523835C785EC05DC2C2C5611C5740,0.5,M4 V,154.2857143,,
416,462,LHS 382,Star,30148,117.5857721,-43.63188592,95.50207901,0101000080311A434A7D655D40F89948A3E1D045C051FDFF0F22E05740,0.5,K V?,157.6413726,,
417,463,LHS 326,Star,30149,29.90066798,-80.61814073,134.8855508,010100008086A73E2D92E63D403CEB229E8F2754C04B9EA16E56DC6040,0.5,M3 VI,159.9607651,,
418,464,LHS 164,Star,30150,-44.95867301,-68.68921664,-149.1262596,010100008002C114CCB57A46C02D2A1C201C2C51C0CB9992510AA462C0,0.5,M V?,170.2296451,,
419,465,LHS 318,Star,30151,-31.05309646,-19.40875915,169.9589738,0101000080BE3BC7BA970D3FC0D6308D70A46833C01197D2E9AF3E6540,0.5,M2 VI,173.8592751,,
420,466,2MASS 1207-3932,Star,30152,65.64928371,-148.9148243,67.55452621,0101000080A31143DD8D695040C1429C3D469D62C0642E805B7DE35040,0.5,M8 V,176.2074554,,
421,467,LHS 521,Star,30153,87.37538319,29.73019086,-150.6623701,01010000802921374706D85540C289C7C9EDBA3D4025ABC72232D562C0,0.5,M0.5 VI,176.6847237,,
422,468,LHS 3045,Star,30154,161.9601062,-74.27736076,71.44893096,0101000080FB35A330B93E644032595847C09152C029D7EB48BBDC5140,0.5,K VI?,191.9717481,,
423,469,LHS 347,Star,30155,20.66496313,-5.040790796,193.9086004,0101000080536510063BAA3440F430FB0FC52914C03E642541133D6840,0.5,K2 VI,195.0717703,,
424,470,LSR 0627+0616,Star,30156,-180.3173165,-82.60711,-8.360678577,010100008066BFEE74278A66C0C6C4E6E3DAA654C0672AC9DCAAB820C0,0.5,M1.5 VI,198.5149117,,
425,471,LHS 518,Star,30157,100.2023565,55.45678665,-169.8750742,01010000808368AD68F30C5940EC7F25FC77BA4B4059D29B9B003C65C0,0.5,M1 VI,204.8743719,,
426,472,SCR 1107-4135,Star,30158,47.2101797,-205.2799524,65.29676032,01010000803CE41C2BE79A4740FA4DBC5EF5A869C0A249FF1EFE525040,0.5,M0.5 VI,220.5273834,,
427,473,SCR 1916-3638,Star,30159,206.5895915,4.796042239,-77.43317144,0101000080FD4FFEEEDDD269405EF55AB2252F13401E17B414B95B53C0,0.5,M3 VI,220.67659,,
428,474,LHS 125,Star,30160,27.98048101,-41.53004259,-228.2093684,01010000808E4CB0CD00FB3B40C1C4826FD8C344C01BDA5B25B3866CC0,0.5,M V?,233.6389685,,
429,475,LHS 3620,Star,30161,183.9932301,60.28211883,-163.2112005,0101000080E49C7D8AC8FF6640C83746781C244E40C30C8D27C26664C0,0.5,M2 VI,253.2298137,,
430,476,LHS 327,Star,30162,103.4653314,-216.4637816,187.1060916,010100008052335AFDC7DD5940928F824CD70E6BC02C0C361A65636740,0.5,K4 VI,304.2537313,,
431,477,LHS 3732,Star,30163,245.476164,-30.535386,-302.9058175,01010000800BF148BC3CAF6E407BBC900E0F893EC050AA7D3A7EEE72C0,0.5,M VI?,391.0791367,,
432,478,LHS 2734 A,Star,30164,430.4300202,-456.2835708,540.2006247,0101000080E979DC5CE1E67A409C01898189847CC0296A1FE19AE18040,0.5,K7 VI/M1 VI,827.8172589,,
4,3,Alpha Centauri B,Star,1b,3.125331238,-3.046661429,-0.051914106,01010000807D0403AAAD0009402751FC06905F08C00E31F1567C94AABF,0.92,K0 V,4.364921109,,
5,3,Barnard's Star,Star,2,4.97095194,2.98787292,1.452790137,0101000080A926B13941E213403E08E0EA29E707409CDCE5DEA03EF73F,0.16,M3.5 V,5.978992136,,
19,20,EZ Aquarii C,Star,12,4.181904005,4.494872067,-9.446576013,010100008018F2210B45BA10402DE03DBEBFFA1140B106769CA5E422C0,0.08,M V,11.26632124,,
54,67,G 208-044 A,Star,37,2.830616776,14.37280199,2.19207498,0101000080816E83681AA5064010DE05E7DFBE2C40BED66B9B5E890140,0.11,M5.5 V,14.8119891,,
55,67,G 208-044 B,Star,37,2.830616776,14.37280199,2.19207498,0101000080816E83681AA5064010DE05E7DFBE2C40BED66B9B5E890140,0.07,M V,14.8119891,,
70,84,Omicron 2 Eridani B,White Dwarf,49,-11.97144102,-4.541466733,-10.0145022,010100008028C9A5B760F127C0886D5841762A12C0AB7015D56C0724C0,0.5,DA4,16.2551707,,
71,84,Omicron 2 Eridani C,Star,49,-11.97144102,-4.541466733,-10.0145022,010100008028C9A5B760F127C0886D5841762A12C0AB7015D56C0724C0,0.18,M4 V,16.2551707,,
101,119,Gliese 570 D,Star,71,14.9307813,-5.963984255,10.34071611,0101000080EC74D65D8FDC2D40F05544B01EDB17C037578B5772AE2440,0.03,T7 V,19.11616458,,
105,126,Gliese 1005 B,Star,74,0.48955604,4.5950293,-18.81475345,01010000803FFE56DBE254DF3FA8A55E5C4F6112409D0D9EAE93D032C0,0.11,M V,19.37392337,,
107,129,Eta Cassiopei B,Star,75,-10.41061428,16.26607996,-1.708312166,0101000080BEBDEF083CD224C02C52F6D01D443040454345233F55FBBF,0.6,K7 V,19.38774297,,
409,454,G 266-089 A,Star,30141,11.35466885,4.760558169,-98.55178757,0101000080E251CF2797B52640193EBAC2CF0A134051DFCF7C50A358C0,0.5,M4 VI?,99.31790499,,
410,454,G 266-089 B,Star,30141,11.35466885,4.760558169,-98.55178757,0101000080E251CF2797B52640193EBAC2CF0A134051DFCF7C50A358C0,0.5,M4 VI?,99.31790499,,
433,479,Gliese 2130 A,Star,30165,47.30010879,-2.179436361,-1.451952697,01010000806525FFF669A647407FAAB1547C6F01C093434FC0323BF7BF,0.2,M1.5 V,47.37254902,,
434,479,Gliese 2130 BC,Star,30165,47.30010879,-2.179436361,-1.451952697,01010000806525FFF669A647407FAAB1547C6F01C093434FC0323BF7BF,0.2,M2.5 V,47.37254902,,
110,132,36 Ophiuchi C,Star,76,19.25877857,-0.525010825,2.280444841,01010000803F0EF74F3F423340A9786D80E3CCE0BF556A63DD593E0240,0.71,K5 V,19.40042827,,
136,164,Wolf 630 C,Star,95a,19.26778534,3.76086751,7.591254795,0101000080F3A57D948D443340C74F80B441160E404383A0E5715D1E40,0.27,M V,21.04801239,,
157,190,LP 771-095 C,Star,108,-11.23520648,-4.196817861,-19.24930775,010100008087D0D6FB6C7826C0010E119F8AC910C0ACE3F8A1D23F33C0,0.16,M V,22.6799249,,
280,317,Gliese 2012 (WD 0038-226),White Dwarf,30014,-0.330077901,2.700072491,-29.38040677,01010000804E597B0FFF1FD5BFDF642D9BBF990540B6538C5662613DC0,0.5,DQ9,29.50606115,,
281,317,Gliese 283 A (WD 0738-172),White Dwarf,30015,-17.46193446,-23.9992157,1.288950513,01010000806D983656417631C05626A199CCFF37C072F5B7928A9FF43F,0.5,DZQ,29.70762365,,
319,356,Gliese 810 A,Star,30054,30.83585429,20.62758842,-24.81003737,010100008074C5F78BFAD53E40913F7BA2A9A0344017B0EC9B5ECF38C0,0.5,M4 V,44.63054187,,
320,356,Gliese 810 B,Star,30054,30.83585429,20.62758842,-24.81003737,010100008074C5F78BFAD53E40913F7BA2A9A0344017B0EC9B5ECF38C0,0.5,M4.5 V,44.63054187,,
348,386,LHS 3001 A,Star,30082,26.6288913,10.6849653,49.31063728,01010000802A3D2E05FFA03A4027CA94C5B35E25405B425FF6C2A74840,0.5,M4.5 V,57.05090082,,
349,386,LHS 3001 B,Star,30082,26.6288913,10.6849653,49.31063728,01010000802A3D2E05FFA03A4027CA94C5B35E25405B425FF6C2A74840,0.5,M6 V,57.05090082,,
366,404,LHS 3738 C,Star,30098,37.84802462,9.483163525,-50.71874718,0101000080298D1C128CEC42407BFDA43561F722409B1858E8FF5B49C0,0.5,M4.5 V,63.9905827,,
404,448,LHS 193 A (WD 0430-391),White Dwarf,30135,-32.82597368,-62.43170784,-65.55887973,0101000080777A6B81B96940C0081DD73342374FC0D4AF7CAFC46350C0,0.6,DC10.2,93.83199079,,
405,448,LHS 193 B,Star,30135,-32.82597368,-62.43170784,-65.55887973,0101000080777A6B81B96940C0081DD73342374FC0D4AF7CAFC46350C0,0.5,M0 VI,93.83199079,,
